RecipeID,IngredientID,QuantityValue,UnitID
1,1,36.0,4
1,2,12.6,1
1,3,5.6,3
1,4,27.7,1
1,5,4.2,4
1,6,25.9,6
1,7,26.6,6
1,8,21.8,4
1,9,38.6,3
2,10,34.7,7
2,11,21.8,2
2,12,21.5,1
2,13,16.7,7
2,12,32.9,3
2,14,8.3,4
2,15,12.4,5
2,16,13.2,2
2,17,22.8,2
3,18,0.8,2
3,19,17.9,6
3,20,25.1,7
3,21,4.7,1
3,22,38.0,1
3,23,9.2,1
3,24,23.2,5
3,25,25.7,4
3,26,19.7,2
4,27,32.3,4
4,28,8.7,7
4,29,36.7,1
4,30,3.2,5
4,31,30.9,4
4,32,33.7,5
4,33,23.6,5
4,34,35.0,6
4,35,7.0,2
4,36,13.7,1
4,37,30.5,7
4,25,31.3,5
4,38,29.8,3
5,39,32.0,1
5,40,29.1,3
5,41,12.1,5
5,42,1.1,3
5,2,34.6,4
5,5,30.2,3
5,7,31.3,7
5,43,7.6,7
5,8,38.9,2
5,9,4.4,5
6,2,8.9,2
6,44,0.5,2
6,45,33.3,3
6,46,24.3,3
6,47,16.1,7
6,48,34.3,4
6,49,39.5,5
6,50,7.2,5
6,51,11.9,7
7,52,13.1,6
7,53,24.8,1
7,54,36.0,1
7,55,37.1,2
7,56,34.7,5
7,57,9.0,3
7,21,5.1,6
7,58,3.5,3
8,59,14.2,3
8,60,19.5,3
8,61,9.3,3
8,62,2.5,3
8,63,15.1,1
8,64,19.4,1
8,19,30.8,6
8,65,5.2,7
8,66,13.5,1
9,67,13.4,6
9,23,6.0,6
9,60,20.6,5
9,62,14.7,4
9,68,6.5,6
9,69,38.9,3
9,70,25.2,4
9,71,17.2,5
9,72,22.9,6
9,73,5.8,5
9,74,30.1,4
10,75,39.3,7
10,76,16.9,5
10,74,10.3,4
10,72,9.5,6
10,39,25.1,7
10,20,6.9,1
10,47,30.4,7
10,77,4.0,5
11,75,11.1,2
11,78,37.5,2
11,62,23.9,5
11,79,7.3,6
11,80,31.4,1
11,33,26.6,2
11,81,24.2,3
11,82,3.0,7
11,83,30.4,3
11,70,37.9,1
11,84,21.1,4
11,85,9.1,6
11,86,3.0,1
11,87,7.1,5
11,88,21.0,3
11,89,0.7,6
11,90,22.2,1
12,54,31.3,1
12,78,31.1,5
12,62,24.8,2
12,12,34.8,7
12,91,27.3,7
12,55,22.0,5
12,10,21.9,4
12,92,8.3,7
12,53,37.3,3
12,93,26.8,3
12,94,16.0,4
13,95,24.8,3
13,60,39.5,4
13,96,27.4,4
13,97,6.2,5
13,74,1.8,7
13,12,1.6,5
13,98,15.4,3
13,76,29.7,3
13,99,18.7,2
14,100,1.1,4
14,101,4.8,7
14,102,21.0,2
14,103,36.4,2
14,53,30.9,7
15,104,38.1,2
15,20,37.7,2
15,22,15.7,1
15,105,15.8,1
15,19,15.5,5
15,106,20.2,3
15,107,22.6,6
16,54,28.5,7
16,12,4.3,4
16,75,36.0,4
16,10,27.8,5
16,62,2.5,2
16,78,36.8,5
16,96,33.1,3
16,72,18.7,6
16,97,25.7,2
16,108,29.5,6
16,109,33.6,7
16,93,15.2,1
16,110,31.4,2
16,68,6.3,3
16,94,17.0,4
16,10,14.7,5
16,22,29.8,1
16,111,10.0,4
16,38,28.1,3
17,75,25.3,1
17,10,28.9,2
17,95,16.9,2
17,109,27.5,2
17,93,0.9,6
17,60,1.3,1
17,72,36.7,1
17,68,18.1,2
17,73,6.2,6
17,58,39.1,6
17,57,39.5,5
17,112,2.5,4
17,12,36.5,1
17,23,5.2,4
17,113,19.0,3
18,75,4.5,7
18,54,33.3,4
18,114,8.7,5
18,62,37.3,4
18,115,0.5,4
18,68,27.3,5
18,110,32.3,3
18,116,19.7,6
18,93,38.0,5
18,117,0.2,1
18,118,21.0,6
18,10,18.2,1
18,23,28.6,6
18,12,11.2,7
18,20,32.1,2
19,119,6.2,7
19,12,29.5,2
19,11,36.8,5
19,120,7.9,4
19,10,3.6,6
19,22,37.8,5
19,15,16.3,2
19,25,29.7,6
19,11,9.8,7
19,121,24.6,7
19,122,21.7,4
19,123,24.5,1
19,124,16.9,1
20,12,26.1,5
20,11,0.5,7
20,125,36.9,5
20,126,20.5,2
20,22,18.6,5
20,20,16.8,4
20,105,32.6,1
20,127,38.0,5
20,12,27.7,1
20,11,2.5,3
20,125,21.4,7
20,126,28.5,1
20,22,28.8,6
20,20,18.2,6
20,105,21.3,5
20,127,19.0,1
20,128,11.8,4
20,129,23.0,2
20,130,11.1,7
20,131,16.6,6
21,132,26.8,6
21,133,0.9,5
21,115,36.1,2
21,28,19.7,6
21,134,2.8,5
21,30,30.2,5
21,135,21.0,2
21,136,17.6,3
21,109,8.9,4
21,137,18.3,5
21,54,36.3,7
21,68,17.3,7
21,69,8.9,7
21,110,29.0,3
21,138,36.8,5
22,10,37.8,4
22,11,20.0,6
22,139,30.2,2
22,18,24.0,3
22,20,12.2,4
22,20,10.1,4
22,12,8.0,7
22,140,11.2,7
22,141,10.1,2
23,78,32.4,6
23,68,1.1,3
23,54,1.6,2
23,74,5.5,6
23,98,0.5,4
24,38,2.1,1
24,139,34.9,2
24,25,26.0,4
24,18,22.0,2
24,12,32.8,1
24,20,20.1,4
24,23,0.6,6
24,21,36.2,4
24,19,0.8,7
24,120,35.4,1
24,25,19.4,6
24,16,1.3,6
25,142,8.3,4
25,143,30.3,3
25,78,11.7,1
25,30,2.5,1
25,144,25.8,3
25,72,19.6,2
25,145,16.0,1
25,68,37.0,2
25,146,4.8,5
25,147,34.2,2
25,148,27.0,4
25,37,12.4,6
25,149,19.0,2
26,75,14.9,2
26,23,8.9,6
26,113,35.4,2
26,150,8.0,4
26,151,27.5,5
26,152,28.7,4
26,19,30.0,6
26,153,25.1,2
26,60,8.7,3
26,154,34.9,7
26,29,16.6,7
26,155,14.8,2
26,91,26.7,6
26,38,33.1,3
26,156,37.6,5
26,25,31.1,1
26,147,38.3,3
27,35,2.2,5
27,94,19.2,6
27,120,1.2,1
27,157,6.4,2
27,54,13.6,6
27,158,35.0,5
27,159,29.2,5
28,160,15.3,1
28,20,34.2,3
28,21,17.6,3
28,25,31.8,3
28,16,38.6,1
28,161,25.8,5
28,162,12.7,2
28,131,4.5,6
29,74,5.7,4
29,54,34.9,2
29,115,39.4,1
29,30,26.6,7
29,163,14.3,2
29,94,34.3,2
29,23,26.3,4
29,113,28.9,2
29,146,13.8,7
30,12,9.4,2
30,21,31.4,7
30,93,28.3,7
30,60,24.5,1
30,94,29.9,5
30,75,3.9,2
30,23,39.7,1
30,113,8.9,2
30,164,37.5,7
30,21,20.6,3
30,20,6.2,4
30,165,6.7,2
31,74,35.1,3
31,166,37.4,6
31,62,31.1,1
31,145,5.2,3
31,167,3.6,6
31,168,8.4,3
31,169,2.6,7
31,170,29.8,7
31,88,31.3,4
31,25,0.6,7
31,149,26.1,1
31,23,11.7,3
31,113,28.1,2
32,171,9.4,3
32,60,11.1,4
32,145,28.7,6
32,30,31.4,4
32,172,24.1,5
32,72,15.0,3
32,173,6.5,1
32,147,14.8,1
33,174,23.8,3
33,54,37.9,4
33,175,31.7,4
33,60,17.0,2
33,176,24.1,2
33,177,37.2,4
33,178,4.3,2
33,179,3.4,1
33,180,0.8,7
33,113,19.7,1
33,73,13.2,2
33,181,27.8,6
33,182,17.8,6
33,183,0.1,2
34,115,37.1,6
34,184,20.4,1
34,168,30.2,1
34,21,23.0,3
34,62,15.9,1
34,60,36.0,7
34,91,4.5,6
34,185,5.4,6
34,186,23.2,5
34,109,17.6,7
34,110,3.9,2
34,187,3.9,1
34,188,12.0,5
34,183,27.6,6
34,189,10.2,7
34,170,0.1,3
34,93,27.9,3
34,136,33.1,1
34,190,32.0,4
34,191,24.1,2
35,74,29.0,1
35,192,5.5,4
35,10,5.6,4
35,193,1.1,2
35,18,22.0,3
35,194,32.3,2
35,12,8.2,5
35,149,15.6,6
35,157,33.2,4
35,115,24.4,4
35,151,1.5,7
36,75,21.7,4
36,149,32.7,6
36,195,1.5,6
36,82,27.4,5
36,196,33.9,6
36,138,34.3,7
36,197,26.0,6
36,38,27.1,6
36,36,15.8,3
36,145,16.8,5
36,25,27.2,6
36,28,5.1,1
37,198,23.6,4
37,174,7.5,4
37,60,16.8,7
37,19,8.2,3
37,23,36.6,7
37,113,23.4,2
38,62,15.0,6
38,60,7.2,2
38,75,29.6,7
38,136,22.9,1
38,38,25.6,3
38,54,16.7,5
38,120,17.4,7
38,74,7.6,4
38,147,31.9,7
38,199,5.0,6
38,70,38.0,2
38,23,37.9,4
39,75,9.9,4
39,147,17.8,4
39,120,29.5,3
39,62,37.6,6
39,60,2.1,4
39,54,39.3,5
39,38,35.7,2
39,23,28.8,4
40,75,20.9,5
40,93,33.8,1
40,147,38.0,3
40,38,23.5,4
40,200,10.6,4
40,144,16.0,2
40,74,20.9,7
40,72,33.4,6
40,136,2.6,7
40,26,8.4,6
40,201,34.0,7
40,60,34.9,2
40,62,3.5,7
40,54,28.4,6
41,75,1.7,7
41,202,24.9,4
41,136,18.9,6
41,38,4.4,2
41,147,14.0,2
41,180,30.7,2
41,113,34.1,2
41,110,26.7,3
41,120,12.9,6
41,101,10.6,4
41,12,24.6,5
41,54,29.7,1
41,60,10.3,4
41,62,22.4,6
42,167,14.9,4
42,151,19.5,1
42,23,23.8,6
43,203,33.0,1
43,54,26.3,2
43,204,38.4,3
43,38,15.6,7
43,74,5.5,5
43,205,21.6,7
43,206,30.9,5
44,207,29.8,3
44,21,25.0,4
44,23,37.6,5
44,139,19.8,6
44,18,14.4,5
44,12,30.7,5
44,151,24.5,6
45,208,39.1,7
45,12,19.2,5
45,18,6.6,4
45,20,11.4,1
45,209,21.7,7
45,21,36.7,1
46,210,25.0,2
46,211,13.1,6
46,212,26.6,1
46,213,21.0,6
47,21,20.3,1
47,12,13.7,7
47,151,10.7,6
47,23,6.8,1
47,177,22.1,2
47,18,11.3,4
47,20,34.0,7
47,214,8.0,5
47,215,21.4,2
47,216,35.7,5
47,217,14.9,4
47,187,8.7,5
48,218,32.3,1
48,219,19.8,4
48,220,39.8,6
48,221,25.9,6
48,222,29.4,6
48,223,24.4,7
49,142,13.1,5
49,60,30.8,1
49,61,15.0,6
49,62,14.1,7
49,224,0.2,5
49,225,36.7,1
49,226,37.7,7
49,227,10.0,1
49,228,8.1,5
49,229,19.0,6
49,230,10.8,2
49,123,14.5,1
49,231,28.4,2
49,232,17.4,4
49,233,14.9,6
49,23,11.7,3
50,12,13.3,2
50,54,31.0,1
50,142,20.9,2
50,23,38.8,3
50,234,22.9,1
50,76,3.5,6
50,52,40.0,1
50,113,3.5,1
50,235,8.9,6
50,236,12.4,7
50,237,15.8,3
50,238,24.7,1
50,47,38.7,2
50,239,0.6,5
50,240,27.4,3
50,241,1.1,3
50,23,26.7,4
50,113,2.1,3
50,94,21.4,5
51,242,26.9,6
51,243,20.7,1
51,239,38.4,3
51,244,9.3,1
51,66,34.0,5
51,245,17.7,5
51,246,8.0,5
51,235,2.0,4
51,247,36.2,6
51,236,1.4,5
51,248,26.4,3
51,249,31.4,5
52,250,14.5,2
52,251,6.1,2
52,252,31.5,3
52,253,38.3,1
52,254,25.2,1
52,255,4.4,4
52,256,14.1,7
52,257,37.8,3
52,258,29.8,1
52,259,36.2,4
52,260,29.7,5
52,236,8.3,5
53,261,7.3,3
53,262,25.0,2
53,33,2.6,7
53,263,2.5,1
53,62,5.9,7
53,264,7.7,7
53,265,1.3,2
53,266,9.8,5
53,267,14.2,3
53,268,0.2,5
53,269,31.6,6
53,270,33.6,5
53,271,19.2,6
53,18,31.3,1
54,272,20.9,3
54,29,22.5,5
54,62,18.5,6
54,273,19.5,5
54,274,17.5,2
54,275,35.8,2
54,276,22.4,7
54,225,16.7,5
54,120,25.0,6
55,54,6.9,3
55,115,11.7,4
55,114,26.7,7
55,277,9.4,5
55,27,3.5,3
55,261,15.6,2
55,62,5.7,6
55,278,18.1,3
55,109,32.7,5
55,279,16.3,2
55,280,24.1,5
55,281,25.9,6
55,69,19.5,3
55,282,11.7,1
55,249,30.7,2
55,283,16.5,4
55,39,19.2,7
55,2,34.7,3
56,284,12.7,1
56,285,27.3,7
56,54,26.8,7
56,30,12.7,7
56,286,37.5,3
56,287,23.5,6
56,157,10.6,7
56,288,0.8,6
56,289,5.1,2
56,167,18.2,5
56,290,36.6,7
56,145,38.7,7
56,11,3.9,3
57,291,1.6,6
57,12,1.0,7
57,115,31.7,7
57,60,38.0,1
57,68,7.8,1
57,110,26.6,5
57,10,25.8,6
57,18,2.7,6
57,122,4.9,6
57,74,34.8,2
57,94,33.6,2
58,54,16.7,2
58,78,2.2,1
58,96,38.5,1
58,72,0.4,3
58,74,29.1,5
58,110,6.6,7
58,136,39.7,7
58,25,14.7,1
58,216,22.9,5
58,292,3.5,3
58,293,28.7,5
58,294,7.3,3
58,295,15.9,5
59,12,15.2,4
59,60,3.0,1
59,91,25.3,5
59,10,24.6,2
59,204,24.6,2
59,164,1.7,3
59,296,17.8,5
59,142,34.2,3
59,297,8.3,1
59,74,1.8,2
59,12,32.3,1
60,54,16.5,5
60,60,8.9,4
60,298,30.4,3
60,29,4.7,2
60,299,35.4,3
60,300,18.1,4
60,301,15.9,4
60,302,23.6,1
60,279,34.0,6
60,34,10.1,7
61,104,37.9,4
61,303,6.5,6
61,269,12.5,1
61,217,4.1,1
61,121,27.0,3
61,304,21.8,1
61,38,16.4,4
61,305,14.1,3
62,10,24.7,2
62,12,32.1,3
62,306,31.0,1
62,131,31.3,2
62,12,15.0,1
62,163,0.1,6
62,307,28.7,7
62,308,13.3,7
62,20,34.4,7
62,105,6.0,3
62,106,19.3,4
62,309,27.2,4
63,310,14.3,1
63,311,28.8,1
63,312,1.6,4
63,307,23.3,4
63,20,12.2,3
63,10,7.1,2
63,313,8.0,7
63,107,20.4,2
64,301,36.9,2
64,54,30.7,1
64,183,15.0,1
64,61,8.2,7
64,166,39.7,3
64,314,13.2,7
64,269,0.6,7
64,145,30.5,1
64,145,35.3,7
64,271,32.6,5
64,299,19.6,7
64,315,9.1,2
64,34,16.9,7
65,279,29.6,7
65,298,16.6,7
65,12,10.5,4
65,97,14.8,5
65,62,37.6,3
65,10,18.2,7
65,18,35.4,2
65,316,33.4,1
65,122,7.8,4
65,317,14.7,7
65,305,1.4,1
65,113,17.0,4
65,10,20.6,3
65,12,39.0,5
65,318,6.9,6
65,319,8.9,1
65,318,38.3,1
66,74,11.2,6
66,12,26.5,7
66,122,21.3,6
66,58,10.3,7
66,12,2.5,3
66,114,20.7,3
66,72,38.4,1
66,96,18.4,3
66,30,22.9,6
66,316,15.3,6
66,136,11.7,7
66,320,23.3,2
66,279,23.5,1
66,142,12.6,5
66,159,34.9,4
66,94,22.6,4
66,321,30.3,6
67,149,19.2,5
67,10,16.2,2
67,194,18.0,1
67,25,30.7,7
67,20,16.9,6
67,23,29.1,5
67,16,31.9,4
67,72,15.6,7
67,322,29.1,1
67,306,7.3,5
67,11,28.8,5
67,12,26.3,7
68,323,21.7,3
68,23,34.3,4
68,139,8.5,5
68,18,29.1,6
68,12,5.1,5
68,20,21.5,1
68,149,5.5,1
68,12,2.6,3
68,324,33.2,6
68,16,7.7,7
68,325,14.9,3
68,18,9.5,5
68,11,31.6,5
69,326,27.7,3
69,11,28.2,6
69,310,1.7,1
69,12,15.1,2
69,12,2.0,5
69,11,6.2,6
69,310,9.0,1
69,122,29.6,6
69,58,4.3,6
69,193,27.6,1
69,122,23.5,2
69,131,11.4,6
70,57,11.7,5
70,308,38.9,5
70,13,21.2,5
70,327,30.2,5
70,92,35.2,7
70,131,29.8,1
70,138,37.0,7
71,54,4.0,1
71,91,4.7,5
71,277,30.9,7
71,293,19.6,7
71,204,34.8,1
71,159,14.9,5
71,94,2.3,4
72,328,29.4,4
72,20,9.8,5
72,329,19.6,2
72,330,4.0,6
72,105,16.2,4
72,12,22.4,3
72,326,23.1,2
72,322,19.2,2
73,142,14.8,5
73,12,29.3,7
73,54,22.8,5
73,166,10.5,5
73,144,17.5,5
73,80,23.9,4
73,331,2.0,3
73,62,15.1,3
73,332,35.8,2
73,136,20.4,2
73,183,20.7,5
73,70,28.3,2
73,68,27.1,5
73,279,18.3,2
73,333,9.7,4
73,161,20.6,5
73,159,32.1,3
73,23,38.5,3
73,113,9.6,5
74,334,13.0,7
74,115,15.4,3
74,62,35.1,6
74,60,17.6,7
74,183,22.9,6
74,68,1.8,1
74,143,14.7,7
74,144,38.8,4
74,104,22.0,7
74,149,28.1,3
75,142,28.3,4
75,23,12.7,6
75,113,12.7,6
75,335,7.7,6
75,29,20.1,5
75,192,24.1,6
75,171,36.3,6
75,38,15.7,2
75,34,5.4,1
76,336,37.5,3
76,12,26.3,3
76,337,10.1,3
76,311,24.9,4
77,61,4.6,5
77,54,11.8,6
77,60,18.7,1
77,144,2.6,6
77,200,22.7,4
77,62,6.8,4
77,33,16.4,1
77,183,15.4,2
77,23,16.0,1
77,338,7.5,4
77,20,5.7,5
78,339,37.1,6
78,131,35.0,6
78,58,30.5,2
78,340,11.7,2
78,131,24.9,1
78,126,20.2,4
79,341,13.4,4
79,60,21.9,3
79,72,28.8,7
79,136,16.0,6
79,33,34.9,5
79,183,13.5,4
79,124,38.0,3
79,68,32.8,3
79,199,32.1,2
79,342,17.0,2
79,98,31.8,1
79,38,12.9,7
79,305,9.3,6
80,343,19.8,5
80,14,27.9,7
80,344,33.2,5
80,345,35.8,2
80,346,30.9,3
80,347,13.4,5
80,122,4.3,6
80,348,12.0,6
80,310,35.5,6
81,126,16.9,7
81,349,7.0,1
81,350,2.9,6
81,164,6.5,1
81,330,8.3,4
81,10,12.0,6
81,165,39.5,2
81,329,34.2,1
81,20,28.4,6
81,278,30.0,2
81,12,8.2,2
82,12,32.4,6
82,329,33.0,1
82,10,35.9,1
82,20,3.1,6
82,351,14.0,2
82,352,19.3,3
82,350,3.3,1
82,353,11.5,6
82,330,5.0,6
82,354,5.6,3
82,106,23.6,5
82,120,38.9,5
82,355,1.3,3
82,356,22.0,4
82,105,5.4,5
82,22,29.7,2
83,67,21.6,7
83,357,9.5,4
83,72,5.0,4
83,185,17.0,5
84,334,14.3,3
84,358,22.5,6
84,185,23.3,1
84,30,11.4,3
84,60,31.9,3
84,359,4.1,7
84,279,10.1,2
84,23,13.2,7
84,113,11.6,7
85,360,20.6,1
85,12,36.0,3
85,286,18.5,6
85,62,12.1,4
85,298,0.8,2
85,54,22.0,3
85,159,37.9,5
85,166,38.5,1
85,361,14.5,5
85,124,26.0,4
85,120,10.4,5
86,298,9.7,3
86,362,34.2,6
86,151,9.0,2
86,18,14.7,5
86,21,28.1,6
86,131,7.4,4
86,183,16.5,4
86,23,13.1,2
86,199,27.4,1
86,182,24.8,1
86,363,8.4,7
86,31,25.2,1
86,54,6.7,7
86,175,28.2,5
87,12,24.2,6
87,364,38.1,5
87,115,5.3,5
87,74,24.2,4
87,72,34.1,3
87,108,24.3,1
87,185,29.2,7
87,110,36.5,6
87,365,18.4,4
87,279,27.5,3
88,174,38.1,6
88,366,31.0,2
88,60,30.3,5
88,62,39.3,3
88,94,14.6,2
88,183,15.8,5
88,22,21.8,2
88,165,3.6,4
88,38,15.8,7
88,294,20.6,4
88,23,33.1,5
88,113,36.0,7
89,74,23.6,5
89,367,1.5,5
89,72,26.1,6
89,200,20.7,1
89,59,12.9,1
89,60,25.0,7
89,368,0.7,5
89,369,28.8,4
89,136,14.5,6
89,54,33.9,6
89,68,24.0,6
89,316,32.0,2
89,113,14.9,3
90,205,38.6,7
90,149,7.2,4
90,61,24.5,3
90,28,20.2,1
90,62,29.3,5
90,94,18.0,6
90,80,0.4,4
91,67,15.5,1
91,167,3.3,1
91,289,36.8,5
91,143,6.9,2
91,317,9.7,3
91,370,17.0,5
91,115,21.8,3
91,151,30.8,1
91,60,37.4,1
91,113,36.6,5
92,371,27.7,4
92,165,1.1,2
92,372,4.8,5
92,20,9.3,1
92,23,30.3,1
92,113,33.8,1
92,149,23.7,4
93,24,13.8,6
93,60,22.3,2
93,185,39.5,5
93,72,8.1,7
93,96,0.1,1
93,110,12.6,3
93,98,1.6,1
93,74,12.2,4
93,61,24.2,6
93,271,31.9,3
93,206,24.2,3
94,373,17.2,7
94,38,39.0,1
94,23,19.3,3
94,32,0.5,2
94,374,39.3,7
94,375,28.9,3
94,226,28.4,4
94,376,17.6,6
94,110,31.2,1
94,63,5.3,5
94,29,32.7,4
94,377,14.5,2
94,144,31.5,4
94,23,10.7,3
94,25,33.1,7
94,378,34.6,3
95,126,14.7,6
95,12,22.1,6
95,329,2.5,5
95,343,23.1,2
95,379,25.9,5
95,10,2.5,7
95,22,34.0,5
95,20,20.6,3
95,351,36.8,5
95,18,35.5,2
95,325,36.2,2
95,353,9.2,2
95,18,2.0,7
95,11,10.8,2
96,305,22.7,5
96,110,6.2,5
96,62,23.4,1
96,68,17.1,7
96,380,9.0,4
96,316,0.2,5
97,381,3.3,3
97,48,30.7,6
97,382,31.4,7
97,383,28.4,2
97,124,2.3,1
98,12,40.0,5
98,10,27.9,7
98,120,13.9,1
98,12,27.5,5
98,354,3.1,5
98,384,8.3,1
98,329,36.4,6
98,16,39.6,4
98,29,30.6,2
98,146,6.6,2
98,120,23.8,4
98,20,6.5,7
98,25,1.2,4
99,100,7.9,6
99,115,37.4,7
99,91,37.6,6
99,61,33.8,2
99,385,32.1,4
99,20,2.0,5
99,167,22.7,6
100,386,24.6,1
100,149,21.7,2
100,62,1.6,2
100,29,14.6,1
100,68,4.0,5
100,110,38.8,1
100,144,24.9,5
100,387,34.1,3
100,60,2.8,7
100,72,36.6,6
100,25,35.5,5
100,146,13.2,7
100,191,22.1,4
100,388,6.0,3
100,145,39.4,3
100,389,31.6,3
100,113,5.7,5
101,279,28.6,3
101,23,25.7,6
101,25,3.2,6
101,113,24.4,7
101,150,19.5,4
101,390,5.9,1
101,91,10.1,6
101,148,0.0,6
101,38,20.7,7
101,192,6.2,2
102,75,29.4,4
102,60,30.0,3
102,204,8.0,1
102,61,8.6,5
102,30,29.9,6
102,136,20.5,1
102,171,23.1,3
102,153,28.4,3
102,12,24.6,1
102,54,22.8,2
102,391,19.3,3
102,33,32.7,6
102,180,15.9,6
102,23,23.6,1
102,113,11.8,6
103,371,34.7,6
103,25,5.7,4
103,23,25.7,2
103,113,0.4,5
103,62,12.2,1
103,54,23.8,7
103,392,28.5,3
103,393,32.3,4
103,147,13.0,3
103,110,32.1,6
104,394,0.4,7
104,54,21.0,7
104,395,15.5,6
104,396,24.9,7
104,397,28.4,2
104,164,10.0,7
104,122,34.6,2
104,398,1.2,1
104,97,6.7,3
104,399,19.6,3
104,94,6.6,4
104,206,16.9,1
104,120,25.5,7
104,400,12.5,4
104,120,4.9,1
105,54,32.4,5
105,60,34.2,6
105,62,37.0,4
105,401,6.9,2
105,402,24.7,3
105,68,20.5,5
105,110,23.2,3
105,23,17.0,4
105,96,37.8,7
106,403,32.1,2
106,12,35.4,2
106,117,31.3,1
106,214,3.5,6
106,164,12.4,2
106,404,34.1,7
106,94,25.2,1
107,100,30.6,5
107,115,4.3,1
107,91,22.2,2
107,61,23.9,2
107,385,33.6,4
107,20,7.0,3
107,167,5.3,6
107,405,4.5,5
108,12,36.0,1
108,54,28.2,2
108,60,23.0,1
108,25,26.6,4
108,30,19.7,7
108,10,39.6,4
108,333,22.8,5
108,93,38.2,1
108,167,1.3,7
108,400,17.9,1
109,12,13.2,5
109,97,28.4,3
109,23,22.2,4
109,92,22.4,1
109,151,5.5,7
109,58,35.6,7
109,164,0.7,7
109,10,12.6,3
109,23,7.6,1
109,12,30.5,5
109,406,17.8,7
109,407,2.0,4
109,38,4.8,5
110,20,4.1,4
110,12,34.3,1
110,408,3.8,5
110,409,3.9,1
110,94,39.8,6
110,410,29.1,4
110,400,26.1,3
111,399,25.3,6
111,54,14.3,7
111,333,35.3,1
111,411,11.9,4
111,35,23.1,5
111,60,0.2,3
111,62,3.1,7
111,74,14.6,3
111,343,23.9,4
111,196,36.1,3
111,110,6.9,5
111,299,10.3,7
111,136,0.7,7
111,292,36.0,2
111,412,28.1,6
111,413,17.9,4
111,68,30.8,6
111,167,14.9,6
112,74,17.5,2
112,35,34.1,7
112,62,27.7,6
112,18,18.6,2
112,122,32.7,6
112,12,34.0,4
112,214,4.5,7
113,306,17.0,7
113,25,9.3,4
113,105,20.5,3
113,21,33.1,1
113,57,33.2,1
113,414,7.7,7
113,107,32.7,5
113,415,16.3,1
114,261,31.0,7
114,72,33.5,7
114,357,8.1,7
114,60,18.8,4
114,93,35.5,6
114,370,19.0,4
114,271,2.6,2
114,12,15.8,7
114,25,28.5,4
114,149,4.1,2
114,23,10.5,7
114,113,1.0,4
115,416,5.7,7
115,94,31.6,3
115,54,2.1,6
115,161,22.6,4
115,30,37.7,2
115,33,9.0,4
116,21,34.6,3
116,38,31.6,5
116,23,34.6,4
116,24,0.3,7
116,54,13.5,3
117,417,5.1,5
117,74,31.5,3
117,418,36.5,6
117,34,10.4,1
117,419,19.7,2
117,113,37.0,6
117,62,22.1,1
117,29,27.1,3
117,21,18.6,5
117,20,16.7,4
117,165,17.2,7
117,149,28.5,4
118,420,3.9,2
118,149,34.2,6
118,21,23.1,5
118,23,20.6,7
119,404,24.0,7
119,421,9.9,4
119,12,16.4,6
119,408,28.5,2
119,94,38.2,7
119,199,21.3,4
120,54,9.1,4
120,60,19.9,5
120,72,19.7,2
120,411,15.5,2
120,38,29.8,3
120,74,1.2,1
120,110,27.6,2
120,422,0.8,3
120,158,39.1,3
121,423,14.6,1
121,79,37.2,6
121,424,11.3,5
121,425,26.8,6
121,426,16.7,4
121,375,18.8,1
121,427,24.5,1
121,428,3.3,3
122,429,18.2,2
122,10,2.2,5
122,296,21.7,2
122,430,13.5,5
122,431,37.6,1
122,432,33.3,2
122,433,21.3,6
122,12,36.1,6
122,295,18.0,1
122,421,3.7,6
122,434,33.3,2
122,12,16.1,2
122,435,28.0,3
122,167,5.1,6
122,407,10.5,3
122,436,19.0,5
122,12,9.3,4
123,298,15.4,6
123,10,3.1,4
123,151,28.3,6
123,152,1.4,4
123,22,35.8,4
123,23,4.8,2
123,181,25.4,7
123,182,6.7,4
123,38,34.0,1
123,279,17.2,3
123,437,14.2,1
123,147,21.4,1
123,217,20.5,3
123,393,20.7,3
123,150,3.0,5
123,438,17.1,3
123,152,31.3,5
123,62,1.9,4
123,192,9.5,2
123,29,10.9,3
124,102,20.1,2
124,54,0.5,7
124,60,9.2,7
124,30,25.3,6
124,136,5.3,4
124,61,34.8,6
124,25,17.6,5
124,439,30.7,3
124,16,26.4,6
124,440,3.9,2
125,185,14.4,2
125,12,39.5,2
125,60,21.0,5
125,173,9.0,3
125,392,18.6,4
125,171,12.8,1
125,62,29.7,2
125,23,2.9,5
125,199,17.7,4
125,136,30.4,1
126,420,34.9,3
126,54,3.4,7
126,62,19.5,4
126,183,37.5,6
126,120,15.0,5
126,69,35.5,6
126,286,35.2,4
127,371,23.2,3
127,37,0.7,7
127,121,11.3,2
127,23,39.3,5
127,342,0.5,4
127,78,31.4,4
128,158,13.6,3
128,79,2.8,4
128,147,15.6,4
128,274,9.7,2
128,372,38.8,5
129,441,33.9,4
129,421,1.1,4
129,442,9.4,5
129,105,9.8,7
129,443,28.9,5
129,444,28.1,5
130,91,5.7,4
130,445,16.7,7
130,446,33.4,2
130,168,5.4,6
130,279,23.1,5
130,23,18.2,1
130,25,9.0,5
130,150,14.1,4
130,113,22.7,7
130,170,8.7,6
130,447,15.2,7
130,147,4.5,7
130,148,12.6,3
130,38,6.6,1
130,192,23.0,4
131,125,37.5,6
131,25,8.0,7
131,20,4.6,1
131,18,5.8,7
132,74,6.2,1
132,76,37.2,3
132,62,0.2,6
132,298,39.3,5
132,86,29.1,5
132,217,10.4,4
132,279,30.0,2
132,12,22.1,1
132,149,23.4,7
132,54,38.4,3
133,448,14.3,3
133,126,8.6,4
133,12,13.3,2
133,449,22.6,3
133,347,35.4,2
133,20,19.9,6
133,120,29.6,5
133,343,29.2,4
133,217,2.2,2
133,450,12.1,6
134,394,20.5,1
134,12,17.2,1
134,30,15.5,3
134,185,0.6,2
134,192,32.2,4
134,122,16.8,2
134,73,9.1,2
134,317,10.3,5
134,20,32.8,3
135,451,3.1,6
135,452,0.8,5
135,246,10.0,7
135,453,21.1,7
135,454,1.0,2
135,455,26.3,4
135,456,31.5,3
135,457,21.8,7
135,238,10.8,7
135,5,12.8,6
135,458,13.7,6
135,459,30.5,1
135,243,21.3,3
136,12,39.2,2
136,125,35.7,6
136,304,19.7,7
136,111,1.6,7
136,18,21.0,2
136,460,21.3,7
136,346,37.8,2
137,27,13.8,7
137,145,34.5,1
137,192,1.6,3
137,29,38.2,3
137,62,34.1,5
137,60,3.1,1
137,286,5.5,4
137,68,3.1,7
137,145,33.3,7
137,147,8.6,2
137,149,25.7,5
137,324,27.3,7
137,146,1.9,7
137,332,12.0,3
137,37,13.6,1
137,192,19.2,7
137,68,39.4,2
137,62,34.3,1
137,146,21.4,5
137,461,2.5,2
138,10,33.7,2
138,23,17.5,1
138,462,14.2,3
138,12,6.1,4
138,38,20.7,4
138,174,20.3,6
138,146,29.0,3
138,199,30.8,6
138,149,11.3,1
138,78,3.2,4
138,144,30.9,7
138,62,17.0,6
138,68,6.7,1
138,23,23.5,5
138,88,17.2,1
138,38,10.9,4
138,78,2.4,2
138,151,10.5,2
138,38,10.9,4
138,38,39.1,4
139,463,39.2,3
139,464,39.6,6
139,362,29.5,4
139,192,32.1,7
140,149,18.2,7
140,60,5.3,6
140,168,20.0,5
140,98,35.6,3
140,147,3.0,4
140,464,10.7,5
140,25,8.3,3
140,20,27.1,3
140,463,3.8,6
140,410,10.7,2
141,465,19.4,6
141,466,11.5,1
141,467,17.3,6
141,170,9.0,7
141,289,12.4,4
141,143,19.2,3
141,172,1.5,4
141,468,31.3,1
142,142,8.2,7
142,19,18.1,2
142,193,37.9,5
142,21,24.7,2
142,324,3.4,5
142,23,21.6,3
142,469,35.9,5
142,470,38.4,3
142,471,12.9,7
142,472,2.8,4
142,473,24.3,3
142,474,20.8,7
142,435,38.4,4
142,475,6.4,5
142,459,6.5,7
142,476,2.4,2
142,477,27.5,7
143,245,26.7,3
143,39,11.1,3
143,478,15.7,3
143,479,13.6,2
143,253,10.8,1
143,77,33.1,4
143,480,22.8,4
143,236,18.0,6
143,481,32.7,3
143,39,34.5,2
143,482,37.5,3
143,243,16.6,1
143,483,9.0,6
143,484,6.4,2
143,485,28.3,5
143,486,16.2,2
144,448,4.9,3
144,12,36.9,2
144,442,6.0,3
144,58,34.5,5
144,145,37.3,5
144,122,28.3,1
144,131,27.9,5
144,145,1.3,4
145,149,7.1,7
145,60,2.1,1
145,62,9.9,2
145,29,7.5,7
145,34,23.0,2
145,33,13.1,5
145,183,39.6,6
145,378,29.7,7
145,292,20.6,4
145,461,38.9,6
145,332,40.0,2
146,487,18.8,4
146,70,22.0,6
146,18,33.1,7
146,20,21.3,6
146,94,6.8,3
146,34,14.2,2
146,149,23.9,6
146,60,1.1,6
146,34,34.2,2
146,462,25.8,4
146,171,33.6,4
147,274,0.4,2
147,147,31.0,5
147,150,25.1,1
147,117,3.8,4
147,38,30.3,5
147,142,7.8,3
147,201,32.6,2
147,393,33.3,3
147,324,25.0,5
147,192,16.3,7
147,30,13.6,3
147,488,20.1,4
147,489,12.4,7
148,399,10.7,3
148,147,13.9,4
148,136,9.9,2
148,117,28.5,5
148,11,7.6,4
148,490,18.3,5
148,489,23.4,2
148,491,22.4,6
148,324,31.8,3
148,30,11.3,3
148,488,32.6,5
148,29,11.1,1
149,74,15.3,5
149,54,31.6,2
149,200,4.8,6
149,78,7.2,6
149,492,2.2,2
149,493,40.0,1
149,20,20.2,6
149,23,4.5,2
149,113,5.0,7
150,54,16.9,2
150,494,10.0,3
150,495,13.3,5
150,60,18.8,6
150,38,20.4,4
150,94,33.2,4
150,12,8.3,7
150,120,18.6,6
151,74,19.3,4
151,12,13.4,5
151,177,12.3,5
151,60,24.2,7
151,144,17.5,3
151,496,0.4,3
152,139,29.4,2
152,38,6.3,5
152,38,8.2,5
152,25,36.3,7
152,23,4.8,7
152,20,39.2,7
152,497,35.9,5
152,21,30.5,7
152,498,11.0,3
152,18,25.5,6
152,25,14.4,2
152,304,26.3,4
152,499,24.9,2
152,12,37.4,7
153,500,35.7,5
153,171,34.6,2
153,34,8.7,5
153,429,17.9,7
153,301,33.8,5
153,60,0.5,4
153,23,15.6,3
153,149,26.5,7
154,246,29.5,3
154,501,0.1,2
154,236,7.8,4
154,502,17.7,7
154,503,1.8,6
154,5,2.7,4
154,504,33.3,5
154,505,31.2,7
154,506,28.0,6
154,235,12.1,6
154,507,36.5,6
154,508,26.8,5
154,509,35.2,3
154,510,32.2,7
154,503,20.0,2
154,236,2.6,5
154,511,6.7,4
154,46,35.0,7
154,502,21.7,4
155,512,34.2,4
155,513,6.7,3
155,226,2.7,5
155,78,25.2,7
155,514,33.1,7
155,62,38.6,5
155,124,11.1,7
155,377,14.5,4
155,495,18.1,4
155,374,32.1,2
155,515,6.4,5
155,516,0.5,1
155,419,7.7,3
155,517,25.5,3
155,16,19.7,5
155,82,29.4,2
155,138,1.6,2
155,494,29.9,5
155,518,28.2,5
155,519,4.9,5
156,60,34.3,3
156,490,16.6,6
156,62,17.6,3
156,29,9.1,3
156,520,13.7,5
156,183,25.6,5
156,521,24.1,1
156,138,19.1,5
156,522,15.3,7
156,110,8.5,4
156,523,31.6,5
156,494,28.5,3
156,524,32.3,4
156,34,0.4,3
157,54,36.7,4
157,525,15.8,4
157,526,32.3,1
157,527,28.5,7
157,528,21.0,7
157,529,29.7,3
157,530,37.4,1
157,531,13.3,4
157,532,26.7,7
157,510,0.3,1
158,54,0.7,4
158,60,8.2,1
158,72,0.4,2
158,533,26.3,7
158,62,5.1,5
158,33,5.2,1
158,29,18.3,7
158,495,12.0,4
158,16,35.1,7
158,217,1.4,7
158,129,5.5,1
158,294,20.6,2
158,534,13.0,1
158,302,27.9,2
158,94,8.6,6
159,54,31.5,7
159,115,17.0,6
159,60,7.9,3
159,96,34.8,7
159,72,25.7,2
159,62,26.4,4
159,174,6.6,7
159,136,11.7,3
159,292,12.4,2
159,217,13.1,1
159,535,15.9,7
159,92,35.7,4
159,536,31.7,6
159,214,18.1,3
159,288,33.8,5
160,368,12.9,7
160,21,2.6,7
160,149,21.2,6
160,60,32.4,5
160,72,31.8,5
160,98,0.4,6
160,74,4.2,7
160,328,36.2,6
160,20,0.9,1
161,12,36.8,2
161,494,29.2,7
161,537,5.2,4
161,78,10.2,1
161,72,14.0,5
161,10,27.1,5
161,191,21.3,7
161,279,0.4,3
161,70,13.7,6
161,74,25.2,5
162,54,23.8,5
162,60,12.0,7
162,301,2.2,6
162,98,32.5,3
162,33,10.1,3
162,62,22.6,1
162,23,1.0,1
162,299,34.3,2
162,113,5.5,6
162,145,28.9,4
163,271,35.2,3
163,538,30.4,1
163,439,19.3,5
163,23,12.1,6
163,167,23.7,6
163,115,34.7,3
163,143,20.7,6
163,370,22.2,1
163,12,36.6,6
164,62,24.9,4
164,305,28.6,2
164,54,34.9,5
164,120,25.0,4
164,206,29.8,3
164,533,17.1,4
164,391,36.0,4
165,539,26.2,7
165,540,3.2,4
165,33,15.0,3
165,34,12.4,1
165,183,30.1,7
165,62,3.5,3
165,54,20.5,6
165,541,28.0,5
165,172,26.0,5
165,449,20.9,4
165,124,26.1,7
166,494,5.6,7
166,542,32.6,2
166,121,26.8,3
166,12,31.6,4
166,60,22.5,7
166,494,38.8,5
166,62,30.1,2
166,98,28.8,6
166,171,29.5,1
166,495,27.8,2
166,94,14.6,6
167,543,0.9,5
167,544,30.8,6
167,545,25.9,4
167,546,12.7,4
167,547,16.4,7
167,548,10.0,2
167,549,24.5,7
167,66,3.6,3
167,550,39.5,1
168,489,30.6,2
168,551,23.5,7
168,552,3.2,1
168,75,3.5,3
168,74,13.1,3
168,60,38.7,6
168,145,3.8,1
168,83,37.7,7
168,553,8.6,3
168,554,2.0,7
168,555,8.8,3
168,556,19.1,2
168,557,9.8,1
169,91,10.7,4
169,558,39.5,6
169,28,38.9,5
169,62,2.0,3
169,69,2.8,4
169,559,16.4,6
169,147,26.9,7
169,316,25.0,5
169,535,34.7,4
169,165,1.3,1
169,560,8.3,7
169,561,33.7,2
170,490,26.8,1
170,562,27.2,2
170,29,18.5,6
170,33,25.8,4
170,32,11.8,4
170,34,21.3,6
170,418,27.5,3
170,143,19.9,1
170,390,29.2,7
170,378,10.5,7
170,34,26.8,2
170,563,18.0,6
171,149,15.6,5
171,174,7.8,3
171,60,9.1,6
171,136,8.4,3
171,10,1.5,3
171,91,13.4,6
171,93,14.7,3
171,191,14.0,5
171,328,30.6,2
171,58,26.8,4
172,33,4.1,5
172,95,33.8,4
172,166,23.5,4
172,30,10.5,4
172,418,37.5,7
172,144,20.7,4
172,164,5.0,3
172,34,21.0,5
172,540,6.8,4
172,113,30.7,3
172,34,10.0,4
172,10,9.3,7
172,23,0.4,4
172,18,13.9,4
172,406,29.8,2
172,58,35.1,5
173,12,32.6,5
173,11,7.8,1
173,20,0.1,7
173,125,4.4,6
173,18,28.2,5
173,120,18.8,4
173,384,31.2,2
174,67,5.0,1
174,23,21.6,3
174,199,3.4,5
174,34,30.2,5
174,25,8.0,6
174,110,25.4,1
174,82,15.8,6
174,199,2.5,7
174,34,20.4,6
174,183,37.5,1
174,62,3.2,2
174,60,17.5,3
174,206,13.8,2
174,53,36.5,3
174,363,9.9,3
174,342,28.2,7
175,446,1.5,1
175,174,2.0,4
175,150,25.2,4
175,564,12.6,3
175,565,13.9,4
175,113,1.9,5
175,23,10.2,4
175,566,13.3,6
175,147,18.4,3
175,38,0.6,5
175,54,31.3,2
175,567,15.7,1
175,192,21.9,7
175,62,32.4,5
175,29,15.7,4
175,38,9.9,1
175,148,11.6,1
176,568,21.0,2
176,117,4.8,2
176,61,5.5,1
176,23,2.3,1
176,60,9.1,1
176,418,15.5,2
176,65,32.6,5
177,12,2.2,6
177,10,40.0,6
177,11,6.3,6
177,569,18.5,6
177,151,39.4,5
177,131,5.6,2
178,75,19.4,3
178,59,21.4,1
178,449,27.8,3
178,151,37.0,3
178,408,20.0,1
178,143,18.0,7
178,136,6.3,2
178,74,4.7,2
179,570,34.0,2
179,60,27.2,3
179,75,24.8,2
179,23,2.6,3
179,38,3.0,6
179,30,11.7,5
179,54,8.6,1
180,74,12.2,7
180,18,13.6,5
180,12,6.1,7
180,73,33.7,7
180,192,32.5,7
180,192,2.8,3
181,72,12.1,6
181,60,20.0,7
181,30,38.3,3
181,33,17.9,5
181,34,39.0,1
181,54,13.8,5
181,378,10.3,1
181,121,38.4,3
182,489,12.8,3
182,491,1.3,4
182,399,21.2,2
182,19,32.9,3
182,38,22.5,2
182,36,22.4,6
182,74,15.7,1
182,166,13.9,5
182,30,34.5,1
182,185,32.6,5
182,571,37.6,2
182,446,14.1,5
182,147,12.9,7
182,153,3.0,4
182,151,16.8,6
183,91,25.9,3
183,207,6.4,4
183,149,15.4,1
183,60,18.4,5
183,62,38.8,6
183,110,21.4,1
183,294,35.3,4
183,271,11.5,6
183,180,1.0,2
183,94,31.9,4
184,286,34.5,6
184,29,9.4,1
184,62,16.3,2
184,34,16.1,1
184,490,17.6,3
184,261,24.3,3
184,26,25.1,3
184,279,17.6,3
184,449,32.8,7
185,12,13.7,1
185,271,28.8,7
185,25,36.6,7
185,306,19.0,2
185,11,12.2,7
185,10,6.5,4
185,121,26.2,1
185,20,27.4,7
185,271,9.7,1
185,271,28.2,6
185,11,2.0,6
185,121,26.2,2
186,346,21.4,4
186,11,19.1,2
186,313,21.8,7
186,151,30.1,1
186,448,3.7,7
186,572,17.3,7
186,126,23.8,6
186,12,33.4,7
186,122,20.9,4
186,573,1.9,2
186,131,20.8,4
186,310,27.3,7
186,12,6.4,1
187,37,32.5,2
187,38,0.7,3
187,574,37.8,6
187,29,38.1,5
187,110,1.5,2
187,171,18.1,6
187,20,9.8,3
187,172,4.5,7
187,489,13.2,5
187,575,5.6,5
187,149,37.9,5
187,60,18.2,1
187,62,9.0,4
187,114,23.5,2
187,201,11.0,5
187,575,27.7,1
187,25,19.5,4
187,36,4.5,5
188,576,16.0,5
188,21,20.3,7
188,54,16.1,6
188,12,3.2,6
188,60,13.9,2
188,401,0.1,7
188,96,30.8,3
188,35,3.0,4
188,62,5.3,1
188,577,10.9,1
188,188,37.2,4
188,110,5.3,4
188,333,10.9,2
188,279,37.0,1
188,61,11.3,1
188,94,14.2,2
188,62,12.0,4
188,578,8.6,2
189,579,5.5,2
189,60,20.7,2
189,192,30.4,6
189,62,39.6,5
189,29,27.9,5
189,388,12.4,5
189,147,25.1,3
189,580,27.5,3
189,149,24.6,2
189,38,18.6,5
189,416,6.7,6
189,117,19.2,7
189,38,11.7,2
190,581,27.6,2
190,582,23.5,7
190,583,7.1,4
190,484,3.9,1
190,584,16.6,6
190,50,29.8,4
190,585,9.4,6
190,586,37.5,2
190,236,15.3,6
190,142,23.2,6
190,151,23.5,3
190,587,13.4,1
191,74,5.3,1
191,78,4.8,4
191,54,3.3,4
191,279,35.7,2
191,92,23.8,2
191,408,9.0,7
191,261,4.8,2
191,115,10.5,3
191,588,38.2,4
191,390,18.1,1
192,149,13.5,4
192,589,3.8,7
192,74,8.7,4
192,590,30.3,5
193,591,39.4,4
193,54,15.5,4
193,60,23.3,3
193,62,3.0,1
193,286,30.7,6
193,136,16.8,1
193,592,33.7,7
193,159,30.4,7
193,408,28.1,7
194,132,32.9,1
194,168,10.8,7
194,60,16.0,3
194,62,36.4,4
194,72,36.3,4
194,593,23.9,3
194,314,32.8,2
194,98,28.2,7
194,136,19.4,4
194,69,15.3,3
194,94,33.1,7
194,594,29.9,4
194,165,12.8,6
194,19,5.6,5
194,167,14.7,2
194,76,25.9,6
195,21,3.8,3
195,20,30.8,4
195,18,5.7,2
195,490,7.6,5
195,25,13.5,3
195,107,15.2,2
195,595,15.7,5
196,493,21.6,5
196,328,36.8,6
196,10,28.9,6
196,11,37.0,7
196,23,5.6,4
196,164,12.4,3
196,16,21.6,7
196,20,39.0,2
196,12,17.3,7
196,18,11.9,5
196,131,33.5,4
197,12,23.0,7
197,596,29.3,1
197,597,8.8,3
197,160,7.1,5
197,26,12.8,3
197,598,19.7,1
197,18,34.5,6
197,122,14.9,1
197,307,33.1,1
197,599,18.9,3
198,117,28.9,2
198,343,37.8,6
198,343,30.7,7
198,11,26.5,2
198,600,28.5,7
198,595,31.3,5
198,125,17.7,4
198,12,2.5,7
198,329,22.4,4
198,16,18.3,4
198,18,28.4,6
199,12,32.3,6
199,151,10.6,5
199,18,8.3,6
199,598,24.2,3
199,103,3.4,7
199,324,13.1,3
199,601,30.8,4
199,125,39.8,2
199,602,12.7,5
200,603,17.6,4
200,11,8.6,7
200,12,10.8,5
200,196,10.4,1
200,138,13.7,5
200,16,20.2,4
200,278,6.1,3
200,57,25.5,3
201,20,28.5,7
201,54,1.1,3
201,367,20.1,2
201,192,27.8,4
201,144,20.1,1
201,30,30.8,4
201,286,15.5,7
201,306,8.7,2
201,18,22.9,1
201,410,8.5,2
201,187,22.7,6
201,604,33.6,1
201,408,21.3,4
202,605,3.8,6
202,54,8.2,1
202,60,20.2,1
202,35,21.4,7
202,72,32.4,2
202,333,33.2,2
202,278,32.0,3
202,292,32.0,1
202,411,6.0,2
202,183,30.1,3
202,122,39.8,1
202,399,13.4,7
203,74,9.2,2
203,12,17.6,3
203,18,26.4,4
203,174,32.8,5
203,60,36.8,2
203,606,8.4,1
203,183,39.9,4
203,94,11.5,3
203,23,22.6,1
203,113,8.9,2
204,12,29.9,4
204,25,12.0,7
204,20,22.9,4
204,105,35.4,3
204,21,20.6,3
204,22,19.4,1
204,18,32.4,3
204,163,7.6,7
204,324,24.9,2
204,326,13.9,6
204,12,2.7,4
205,26,39.7,7
205,25,26.4,4
205,151,18.1,4
206,38,27.1,2
206,25,3.0,2
206,139,26.5,4
206,10,11.8,3
206,23,29.1,4
206,54,17.2,6
206,293,32.7,6
206,370,15.4,3
206,84,0.9,3
206,187,12.0,3
206,199,27.3,3
207,21,38.5,6
207,23,36.2,6
207,151,26.1,2
207,151,12.2,1
207,12,20.6,3
207,12,17.6,6
207,60,17.2,7
207,108,18.3,5
207,67,19.8,4
207,20,23.4,4
207,23,0.1,5
207,113,26.0,4
208,12,28.8,7
208,538,20.4,3
208,186,33.9,6
208,12,37.6,3
208,538,14.2,7
208,74,39.4,4
208,20,30.1,6
208,271,38.5,3
208,21,31.0,1
208,23,2.8,5
208,22,8.9,5
209,21,1.5,6
209,20,12.7,4
209,18,37.3,2
209,38,13.1,3
209,23,25.6,7
209,25,33.7,7
209,12,21.4,5
210,142,19.1,2
210,286,32.2,7
210,62,37.3,6
210,29,37.4,5
210,439,28.3,7
210,34,29.9,3
210,183,39.1,1
210,314,34.6,1
210,19,10.2,6
210,166,27.1,1
210,72,21.7,5
210,203,5.4,5
210,185,5.2,7
210,179,23.4,7
210,449,33.6,5
210,314,11.3,3
210,419,11.2,2
211,62,23.6,1
211,55,38.9,5
211,54,28.7,2
211,447,35.5,2
211,94,27.5,2
211,607,1.7,7
211,604,6.1,2
211,288,2.9,5
211,94,30.0,7
211,268,32.8,3
211,447,32.9,4
211,192,25.9,5
211,62,25.7,3
211,11,29.4,4
212,168,9.1,1
212,316,5.6,1
212,183,7.2,7
212,120,9.1,2
212,121,28.3,5
212,54,36.8,3
212,179,12.8,1
212,74,1.1,5
212,149,23.8,3
213,78,2.9,3
213,144,12.8,5
213,34,7.2,5
213,286,5.2,5
213,62,17.6,2
213,333,15.0,4
213,495,34.2,2
213,110,38.1,7
213,74,10.0,3
213,87,27.4,3
213,422,22.7,4
213,608,17.1,1
213,605,9.4,1
213,291,27.7,4
213,412,35.5,7
213,609,29.1,2
214,10,13.6,1
214,131,30.0,6
214,57,8.2,6
214,11,24.3,4
214,578,26.7,1
214,16,3.4,7
214,20,36.7,4
214,58,24.7,1
214,117,4.2,5
214,295,11.0,2
214,304,32.6,7
214,16,21.0,7
215,74,12.6,3
215,72,15.8,1
215,23,7.1,5
215,180,34.1,6
215,20,2.0,1
215,100,13.9,1
215,206,24.6,1
215,390,7.1,1
215,78,19.8,4
215,179,4.4,2
216,246,5.1,4
216,610,11.8,5
216,235,10.2,3
216,505,38.4,6
216,611,9.9,3
216,236,27.2,3
216,612,27.0,1
216,613,7.8,5
216,614,20.9,3
216,5,3.1,2
216,615,34.8,6
216,616,10.0,2
216,617,22.4,2
216,618,37.9,4
216,236,23.8,7
216,246,35.8,4
216,619,23.6,4
217,444,33.1,1
217,441,7.0,5
217,26,1.1,6
217,105,31.7,4
217,489,12.6,4
218,620,7.1,2
218,621,29.5,1
218,29,0.2,3
218,62,34.2,7
218,113,28.3,5
218,33,18.2,2
218,32,24.4,3
218,83,20.9,3
218,522,28.6,5
218,138,4.8,1
218,25,34.0,2
218,622,35.6,5
218,447,1.9,4
218,19,16.2,1
219,54,38.1,4
219,60,37.1,5
219,401,26.4,1
219,96,23.7,3
219,62,18.5,4
219,205,25.3,2
219,623,39.2,4
219,38,2.1,1
219,69,36.5,6
219,68,16.4,3
219,334,27.6,4
219,624,4.1,6
219,625,31.5,3
219,408,2.3,3
220,54,26.0,7
220,72,28.6,4
220,96,13.8,3
220,60,11.7,6
220,62,33.9,6
220,500,26.6,4
220,70,16.9,3
220,38,32.6,3
220,23,19.1,2
220,626,38.1,4
220,113,25.7,2
220,371,1.2,5
220,69,32.9,7
220,627,33.0,2
220,94,13.2,2
221,125,21.4,4
221,11,24.3,2
221,22,35.6,2
221,12,10.5,2
221,325,22.4,2
221,20,7.1,6
221,18,37.8,2
221,105,36.1,5
222,59,33.6,5
222,367,14.9,1
222,387,10.5,6
222,143,33.3,3
222,54,27.6,7
222,187,28.4,6
222,60,10.2,6
222,30,20.7,7
222,314,12.6,3
222,25,14.8,3
223,12,11.0,5
223,78,1.0,1
223,279,24.1,5
223,298,36.6,1
223,74,3.4,3
223,23,10.8,6
223,199,22.2,2
224,461,31.4,7
224,72,20.3,5
224,192,33.6,6
224,68,13.9,7
224,60,21.7,6
224,199,25.3,1
224,144,32.9,2
224,30,27.5,1
224,146,33.3,2
224,75,19.3,7
224,38,19.2,7
224,74,15.4,2
224,10,24.8,1
224,38,17.9,4
224,37,39.9,7
225,628,11.4,4
225,35,39.7,6
225,144,30.1,7
225,367,25.5,4
225,60,0.7,1
225,629,38.6,7
225,183,25.5,1
225,495,35.0,7
225,316,28.6,4
225,98,4.8,6
225,630,0.2,4
225,120,3.1,7
225,94,32.4,4
225,23,6.8,6
225,199,23.6,3
226,277,11.2,5
226,78,6.3,2
226,72,22.1,6
226,97,4.8,3
226,96,31.5,3
226,185,33.5,1
226,82,22.2,7
226,146,36.6,7
226,110,11.0,3
226,94,12.5,7
226,206,0.6,1
226,113,6.7,3
226,23,24.9,1
227,12,32.9,6
227,58,2.0,3
227,306,5.4,2
227,22,20.2,6
227,21,12.4,5
227,631,12.1,7
228,174,37.5,2
228,60,32.7,7
228,20,17.1,2
228,491,6.3,6
228,609,6.9,7
228,23,6.7,4
228,113,28.0,5
228,179,3.1,2
229,480,12.1,5
229,246,8.0,2
229,236,29.2,1
229,632,8.9,5
229,52,19.4,6
229,633,10.5,4
229,502,2.3,1
229,634,29.3,5
229,280,18.6,3
229,635,21.7,7
229,636,18.6,3
229,637,33.7,4
230,638,5.1,7
230,246,35.4,3
230,236,8.3,4
230,614,12.9,5
230,639,11.1,3
230,640,3.0,3
230,476,28.9,7
230,641,31.7,2
231,54,14.4,2
231,60,5.7,2
231,97,0.4,3
231,62,26.7,6
231,33,22.0,1
231,34,15.5,1
231,263,38.4,6
231,16,33.8,4
231,338,2.4,6
231,313,27.3,2
231,439,22.9,3
231,190,19.0,2
231,38,23.5,5
231,72,38.4,7
231,500,10.5,3
231,305,37.8,6
231,234,19.4,2
231,642,11.9,1
231,626,29.9,3
232,643,20.5,5
232,585,36.4,5
232,644,25.9,1
232,645,12.8,2
232,646,11.7,4
232,49,24.7,5
232,2,37.7,2
232,647,31.8,5
232,648,20.8,6
232,47,11.7,2
232,649,10.1,3
232,650,1.2,2
232,2,16.1,6
232,48,32.3,2
232,648,18.4,3
233,357,22.4,6
233,299,31.9,5
233,246,35.3,5
233,120,31.6,5
233,651,12.7,2
233,604,34.2,6
233,361,8.3,7
233,124,30.2,4
233,627,8.0,1
233,23,26.2,3
233,113,5.6,2
234,54,17.7,3
234,371,4.1,7
234,652,6.8,3
234,301,35.2,6
234,157,10.9,5
234,524,17.9,4
234,653,0.5,1
234,94,32.7,4
235,2,30.1,1
235,235,37.6,2
235,654,38.8,6
235,238,8.7,4
235,655,35.2,4
235,260,3.6,4
235,287,5.2,2
235,656,0.7,1
235,657,7.7,5
235,472,21.4,3
235,408,28.6,6
236,448,26.5,3
236,658,0.5,3
236,12,29.4,7
236,306,5.2,7
236,105,16.5,2
236,131,24.4,4
236,659,19.1,2
236,305,9.7,6
236,122,31.8,3
236,660,6.1,4
236,661,6.0,5
236,658,0.0,7
237,412,10.2,6
237,399,31.5,2
237,495,16.9,4
237,662,32.7,3
237,54,20.2,7
237,78,13.5,2
237,62,22.5,2
237,183,33.1,4
237,663,0.2,6
237,664,32.6,7
237,411,37.3,1
237,61,13.4,7
237,120,36.1,1
237,94,26.1,5
238,54,12.5,6
238,62,10.8,4
238,11,39.7,2
238,314,3.1,4
238,292,28.7,6
238,288,12.7,2
238,347,39.6,5
238,18,9.1,4
238,408,13.4,2
238,370,19.0,5
238,588,2.1,6
238,408,8.9,3
238,160,8.2,4
238,164,36.7,7
238,205,4.3,7
239,534,18.7,5
239,62,33.8,5
239,54,17.4,7
239,284,34.5,5
239,560,5.0,3
240,60,9.5,5
240,54,29.2,3
240,12,31.1,5
240,74,34.9,5
240,62,39.9,2
240,20,18.2,7
240,94,26.5,4
240,609,31.5,3
240,665,35.1,7
240,54,21.3,7
241,57,9.8,2
241,193,36.2,7
241,58,20.8,2
241,149,18.0,4
241,75,30.4,3
241,537,35.1,6
241,78,25.2,4
241,10,17.7,7
241,93,16.8,4
241,23,7.8,6
241,113,10.2,6
241,191,1.8,4
242,12,5.8,4
242,329,3.6,5
242,20,17.7,1
242,125,24.2,2
242,22,8.6,6
242,194,0.4,2
242,103,28.5,2
242,18,10.6,1
242,122,23.5,4
242,12,1.4,5
242,329,23.7,1
242,103,20.5,1
242,122,11.6,2
242,105,5.1,7
243,125,20.2,7
243,23,29.7,1
243,111,32.4,6
243,354,13.4,6
243,11,39.4,7
243,120,26.0,7
243,343,33.7,4
243,18,35.4,5
243,346,7.7,3
244,414,30.9,1
244,415,28.8,3
244,666,18.9,5
244,107,9.5,5
244,11,18.8,3
244,167,7.1,6
245,95,4.0,5
245,97,17.0,6
245,367,1.4,4
245,98,39.7,3
245,205,4.7,7
245,112,9.9,6
245,61,4.6,5
245,30,36.4,5
245,187,8.0,6
245,408,23.2,4
246,317,38.2,6
246,390,5.4,2
246,78,37.0,3
246,72,2.6,2
246,70,38.2,2
246,96,30.5,1
246,630,24.5,1
246,167,31.2,6
247,324,3.4,1
247,12,34.8,3
247,20,20.7,2
247,105,31.6,2
247,23,32.5,4
247,10,22.6,3
247,18,4.3,5
248,498,21.1,7
248,55,0.5,7
248,93,8.6,6
248,12,23.8,7
248,62,6.9,5
248,28,29.2,2
248,91,10.8,7
248,278,1.0,5
248,421,13.5,2
248,667,2.5,5
248,191,36.5,6
248,668,34.3,2
248,94,6.0,5
248,410,24.2,2
248,23,6.3,4
248,113,20.8,1
249,669,26.5,7
249,670,31.8,4
249,60,18.4,7
249,183,4.4,3
249,462,20.4,4
249,398,13.9,6
249,170,35.4,4
249,144,36.5,6
249,387,20.2,4
249,61,33.9,5
249,23,4.0,7
249,113,31.2,4
249,125,29.1,6
249,111,22.2,1
249,23,27.3,4
249,54,6.2,3
250,168,36.2,7
250,151,8.6,4
250,38,26.0,6
250,23,27.6,7
250,25,39.0,1
250,147,15.6,2
250,152,5.7,2
250,136,13.2,6
250,447,9.2,2
250,34,33.6,1
251,75,5.1,4
251,23,1.0,7
251,150,12.6,4
251,113,34.0,6
251,193,35.2,4
251,152,13.3,6
251,19,39.7,7
251,29,11.4,3
251,62,28.6,7
251,60,21.0,3
251,72,22.8,6
251,200,28.0,2
251,96,13.9,2
251,91,8.2,6
251,671,7.0,7
251,38,23.1,6
251,156,20.0,4
251,170,20.9,7
251,25,17.2,3
251,147,7.6,2
252,672,20.8,4
252,399,10.1,7
252,151,9.6,7
252,113,6.8,4
252,150,12.0,2
252,148,2.1,1
252,19,8.2,5
252,154,39.0,7
252,29,33.7,4
252,60,29.8,1
252,155,28.8,3
252,192,33.2,5
252,671,10.6,3
252,156,32.0,5
252,25,29.1,2
252,447,39.0,4
252,147,4.5,3
253,158,31.1,1
253,269,26.4,3
253,172,12.6,5
253,588,39.1,3
253,124,11.9,3
253,145,15.7,3
253,217,5.0,6
253,54,21.5,3
254,20,28.3,1
254,180,22.4,4
254,673,11.8,6
254,12,4.2,2
254,674,20.5,6
254,121,24.4,4
254,180,15.3,7
254,151,24.1,2
254,24,25.5,4
255,54,1.3,6
255,166,25.0,4
255,286,6.6,4
255,62,36.1,7
255,34,16.8,2
255,157,17.0,3
255,11,8.5,3
255,20,8.5,5
255,361,20.3,2
256,12,17.1,3
256,60,9.0,6
256,138,12.2,3
256,32,32.1,7
256,195,0.9,7
256,110,5.8,5
256,332,18.4,4
256,279,16.8,4
256,487,25.1,6
256,20,32.1,7
256,94,16.2,2
256,120,26.6,2
257,74,10.3,3
257,110,34.2,3
257,114,39.6,3
257,12,9.7,3
257,334,35.0,2
257,100,8.7,4
257,18,24.9,5
257,164,37.0,4
257,23,22.4,1
257,113,30.4,4
258,38,22.6,7
258,390,14.9,5
258,168,22.7,6
258,294,5.3,5
258,96,28.6,2
258,72,3.4,5
258,74,25.5,7
258,60,6.3,7
258,97,15.4,2
258,137,13.7,6
258,100,24.2,1
259,591,32.8,4
259,58,21.9,4
259,23,3.4,4
259,115,4.5,1
259,675,22.8,7
259,199,16.9,6
260,74,18.7,4
260,72,34.9,6
260,567,24.2,2
260,62,39.1,5
260,167,13.7,3
260,182,0.4,4
260,147,29.4,1
260,173,35.6,7
260,149,33.5,4
260,25,9.2,3
260,12,24.0,1
261,74,23.8,6
261,676,18.8,6
261,62,38.7,7
261,120,25.2,1
261,168,11.2,7
261,677,28.6,4
261,279,14.9,3
261,149,3.1,4
261,25,33.0,7
261,12,1.0,7
262,21,14.4,4
262,23,7.3,4
262,25,4.5,2
262,12,21.6,2
262,38,0.4,5
262,678,33.4,3
262,414,31.7,7
262,148,9.6,1
262,25,13.4,3
262,16,13.1,3
262,121,3.2,5
262,24,4.7,1
262,18,7.3,6
262,25,21.6,2
263,61,31.4,2
263,25,2.0,6
263,54,28.5,1
263,60,32.8,4
263,30,23.8,1
263,494,18.5,2
263,16,24.5,5
263,136,7.9,6
263,171,25.8,3
263,279,13.7,3
263,206,26.0,4
263,440,2.3,5
263,124,24.9,5
264,679,14.5,5
264,60,6.9,3
264,54,36.5,7
264,146,28.4,3
264,113,0.1,3
264,110,36.1,6
265,27,27.3,1
265,34,38.9,2
265,33,10.3,1
265,138,1.5,1
265,31,19.7,3
265,183,32.5,2
265,121,3.0,2
265,54,29.3,7
265,449,18.1,1
265,30,1.6,4
265,33,12.2,7
265,121,37.9,7
265,289,35.6,5
265,143,38.1,3
265,391,7.1,7
266,192,37.0,1
266,54,29.8,6
266,286,0.5,7
266,62,18.1,6
266,399,34.7,7
266,361,39.1,1
266,12,17.4,5
266,10,5.6,1
266,151,0.1,6
266,180,3.1,6
267,171,16.8,6
267,37,31.3,7
267,38,5.4,2
267,23,39.4,3
267,117,11.2,3
267,21,35.7,7
267,20,35.3,7
267,197,25.2,3
267,25,12.0,5
268,463,25.1,4
268,680,28.3,2
268,11,20.1,4
268,179,26.0,2
268,680,0.0,3
268,147,16.0,5
268,172,35.8,5
269,200,34.4,3
269,54,29.1,6
269,60,22.3,6
269,62,1.1,3
269,360,25.0,1
269,681,1.7,6
269,297,4.5,7
269,190,29.0,2
269,33,29.6,2
269,338,7.9,1
269,263,36.3,4
269,23,34.8,1
269,113,5.1,2
269,266,24.9,7
269,377,27.7,3
270,414,32.3,1
270,25,3.1,5
270,344,5.2,4
270,231,33.4,7
270,271,33.2,5
271,484,21.5,3
271,585,39.2,6
271,682,28.2,1
271,683,3.6,7
271,684,16.9,1
271,685,6.1,7
271,213,35.0,2
271,686,29.5,7
271,687,25.6,1
272,688,3.4,5
272,469,26.0,6
272,689,19.6,7
272,690,16.0,7
272,253,33.7,2
272,524,22.4,2
272,501,27.3,6
272,691,23.9,2
272,486,6.1,4
272,692,22.1,6
272,693,6.1,2
272,694,38.0,6
273,695,34.1,3
273,696,25.4,3
273,77,12.5,4
273,236,28.4,3
273,697,33.9,6
273,528,20.2,5
273,698,3.0,5
273,25,37.8,1
273,142,3.7,6
273,531,9.1,3
273,476,2.5,7
273,171,31.2,5
274,699,24.1,2
274,253,7.5,6
274,39,23.2,4
274,49,9.1,7
274,700,27.3,6
274,47,10.6,1
274,701,6.5,6
275,54,21.9,6
275,60,5.1,4
275,62,37.5,4
275,191,8.8,6
275,136,10.2,1
275,702,39.8,2
275,20,31.4,7
275,165,24.2,6
275,169,24.6,5
275,205,26.8,6
275,94,31.0,2
276,74,25.7,4
276,54,5.9,5
276,20,24.7,7
276,314,8.4,1
276,703,20.7,7
276,490,28.6,2
276,166,15.6,3
276,588,0.8,4
276,704,36.3,3
277,705,11.2,2
277,120,14.5,2
277,54,38.0,7
277,166,38.2,3
277,62,21.8,2
277,387,39.6,5
277,112,13.9,1
277,367,20.5,1
277,334,25.6,3
277,341,16.1,5
278,74,5.6,2
278,12,11.8,7
278,18,4.7,6
278,400,7.3,6
278,12,27.6,6
278,97,5.5,4
278,10,29.7,6
278,316,38.1,3
278,18,23.4,7
278,94,6.5,1
278,158,11.6,5
278,417,33.3,3
278,487,11.5,1
278,20,5.3,4
279,10,14.5,7
279,12,38.6,5
279,598,34.7,5
279,165,0.9,5
279,161,8.8,2
279,20,38.4,4
280,57,37.8,4
280,10,5.2,7
280,13,28.2,5
280,11,15.8,6
280,12,38.1,3
280,92,12.6,7
281,12,0.4,7
281,408,2.7,1
281,18,7.6,7
281,70,10.1,7
281,10,33.4,3
281,53,20.3,2
281,31,18.3,4
281,400,28.1,6
281,20,11.8,4
281,706,21.7,1
281,122,34.1,2
281,588,3.6,4
282,74,22.9,5
282,490,14.2,5
282,366,38.6,7
282,60,8.2,6
282,30,36.8,7
282,16,17.1,5
282,146,13.9,1
282,164,25.5,4
282,98,28.3,4
282,328,12.6,2
282,151,26.3,1
283,21,9.9,3
283,25,14.4,2
283,22,28.7,2
283,23,10.3,1
283,151,10.5,2
283,18,13.3,3
283,19,13.2,2
283,19,17.6,7
283,131,29.7,3
284,343,22.1,7
284,11,15.3,3
284,54,28.6,5
284,21,18.2,3
284,22,36.6,6
284,20,11.1,7
284,105,27.9,6
285,540,11.5,1
285,62,8.2,3
285,60,24.0,7
285,588,37.6,7
285,136,14.2,5
285,33,18.9,3
285,279,25.5,6
285,299,33.2,3
285,301,13.0,5
285,121,22.6,2
285,429,29.9,6
285,23,2.8,5
285,113,29.6,2
286,54,26.0,5
286,192,3.3,3
286,588,18.2,7
286,198,16.8,1
286,704,11.0,2
286,20,27.5,6
286,170,20.5,3
286,61,23.1,2
286,172,37.1,2
286,121,31.7,1
286,379,5.6,5
287,416,9.9,6
287,192,36.3,3
287,30,1.6,4
287,94,20.2,1
287,33,29.7,6
287,22,33.4,1
287,31,35.2,1
287,21,32.6,7
287,149,33.1,5
288,364,30.8,4
288,21,1.4,4
288,20,0.0,6
288,165,19.2,2
288,149,20.4,5
288,88,4.8,7
288,191,33.9,2
288,156,9.4,2
288,11,7.5,5
289,75,32.1,3
289,78,12.9,2
289,72,33.2,1
289,62,15.4,3
289,110,16.2,4
289,109,28.1,3
289,38,12.7,5
289,73,1.2,6
289,23,30.4,6
289,113,27.6,3
289,183,2.4,2
289,149,17.5,4
290,371,10.9,7
290,20,31.9,5
290,23,17.9,6
290,54,32.0,1
291,707,36.8,5
291,481,35.2,3
291,235,30.6,6
291,708,26.1,4
291,510,28.5,3
291,709,3.1,7
291,710,8.8,1
291,711,23.2,4
291,712,3.8,1
291,713,19.6,7
291,714,5.2,1
291,715,14.5,4
292,716,33.2,5
292,717,33.6,3
292,718,4.7,4
292,719,10.3,2
292,720,24.1,1
292,721,2.8,3
292,722,26.3,6
292,585,23.2,2
293,168,18.9,2
293,723,6.9,5
293,724,37.3,6
293,28,27.2,7
293,62,24.1,7
293,25,10.8,5
293,555,29.8,5
293,273,32.8,4
293,113,4.5,5
293,54,22.2,5
293,172,16.1,6
293,124,18.8,3
293,489,3.0,5
294,54,10.6,3
294,380,4.3,2
294,78,35.7,1
294,62,4.2,7
294,16,21.7,6
294,10,4.1,6
294,109,9.8,3
294,292,17.0,7
294,204,22.3,4
294,69,1.6,4
294,70,22.9,2
294,25,18.3,5
294,18,19.4,3
294,725,24.8,3
294,214,16.0,6
295,95,10.2,5
295,60,3.1,1
295,62,7.6,4
295,183,16.2,1
295,33,35.3,6
295,68,32.4,4
295,72,36.5,2
295,96,26.5,1
295,144,12.4,4
295,387,33.8,7
295,143,32.9,1
295,294,17.2,6
295,367,18.2,1
295,68,21.4,2
295,341,21.8,4
296,726,28.1,4
296,461,32.0,7
296,292,2.5,5
296,727,19.9,7
297,74,35.5,7
297,357,32.5,7
297,312,19.9,1
297,91,17.4,5
297,500,25.2,7
297,62,37.7,6
297,728,1.0,3
297,60,30.1,5
297,136,20.5,3
297,70,16.9,2
297,54,23.3,4
297,333,11.9,1
297,98,25.5,1
297,148,36.7,5
297,147,14.2,4
297,69,0.8,1
297,94,2.7,7
297,560,39.9,4
297,410,2.8,1
298,122,36.8,7
298,443,24.2,3
298,304,11.4,1
298,58,13.5,2
298,11,6.3,5
298,11,10.6,6
299,168,28.0,4
299,30,36.3,2
299,29,27.9,5
299,147,29.9,2
299,150,30.9,4
299,72,4.0,5
299,96,1.8,4
299,192,4.2,4
299,729,31.7,1
299,19,15.3,6
299,38,2.4,1
300,21,32.0,2
300,11,3.2,5
300,139,22.3,6
300,23,11.1,7
300,18,12.8,2
300,20,39.0,7
300,12,33.3,1
300,322,17.8,7
300,12,24.6,4
300,324,32.7,2
300,16,6.1,6
300,18,20.5,2
300,131,36.8,5
301,730,29.3,7
301,150,1.6,2
301,60,15.1,3
301,185,17.6,7
301,359,28.9,7
301,192,21.8,3
301,464,3.8,6
301,147,22.2,7
301,11,13.4,1
301,191,17.2,6
